Age,Name,ID,Profession
25,John Smith,12345,Engineer
32,Alice Williams,67890,Teacher
41,Bob Johnson,11223,Doctor
23,Claire Brown,44556,Artist
50,Emily Davis,77889,Lawyer
25,Frank Wilson,99001,Engineer
35,Gary Thomas,22344,Architect
41,Helen Martinez,55667,Doctor
46,Ivy Clark,88990,Journalist
25,Jack Lewis,11923,Engineer
32,Karen Lee,47382,Teacher
35,Liam Hall,78892,Architect
24,Mary Scott,90012,Designer
41,Nancy Green,23456,Doctor
35,Oliver Young,56789,Architect
23,Peter Hernandez,89123,Artist
32,Quincy King,67834,Teacher
24,Rachel Adams,12121,Designer
46,Steve Nelson,13131,Journalist
50,Tracy Hill,14141,Lawyer
40,Ursula Reed,13142,Doctor
22,Victor Smith,23232,Student
33,Walter White,32323,Chemist
28,Xander Harris,23234,Engineer
47,Yasmin Soares,34343,Journalist
31,Zara Khan,43434,Artist
35,Albert Einstein,32344,Physicist
29,Betty Cooper,43435,Journalist
44,Carl Johnson,32345,Officer
37,Dave Matthews,56567,Musician
30,Emma Stone,12122,Actor
48,Fiona Apple,13133,Musician
52,Greg House,98989,Doctor
27,Harley Quinn,31313,Psychiatrist
32,Irene Adler,54545,Teacher
49,John Watson,12123,Doctor
42,Katherine Johnson,12124,Mathematician
28,Lucy Liu,13135,Actor
36,Molly Hooper,23235,Pathologist
26,Ned Stark,23236,Lord
37,Oscar Wilde,34344,Writer
39,Peter Parker,43437,Photographer
53,Quinn Fabray,34345,Actor
30,Richard Feynman,54546,Physicist
31,Sarah Connor,13137,Warrior
48,Tony Stark,32347,Engineer
49,Usain Bolt,23238,Athlete
45,Vera Wang,34346,Designer